StartDate,EndDate,Status,IPAddress,Progress,Duration (in seconds),Finished,RecordedDate,ResponseId,RecipientLastName,RecipientFirstName,RecipientEmail,ExternalReference,LocationLatitude,LocationLongitude,DistributionChannel,UserLanguage,Q_RecaptchaScore,Q26,Q4,Q6,Q6_4_TEXT,Q7,Q7_6_TEXT,Q8,Q20_1,Q21_1,Q21_2,Q21_3,Q22,Q24,Q23,Q25,Q16,Q17,Q18,Q25,Q23,Q19,Q19_16_TEXT,Q20,Q21,Q25 - Topics,Q25 - Parent Topics,Q18 - Topics,Q18 - Parent Topics,Q25 - Topic Hierarchy Level 1,Q18 - Topic Hierarchy Level 1
Start Date,End Date,Response Type,IP Address,Progress,Duration (in seconds),Finished,Recorded Date,Response ID,Recipient Last Name,Recipient First Name,Recipient Email,External Data Reference,Location Latitude,Location Longitude,Distribution Channel,User Language,Q_RecaptchaScore,"Selecting 'yes' below indicates that I have read and agree to the full consent form (click here to view) have read the description of the study, I am currently located in the United States, and I agree to participate in the study.",Age,Gender - Selected Choice,Gender - Other - Text,Highest Education Level - Selected Choice,Highest Education Level - Other (please specify) - Text,"On average, how many hours per day do you spend using electronic devices (e.g., smartphones, computers, tablets, gaming consoles)?",Click to write the question text - How confident are you in your ability to protect your privacy online?,Click to write the question text - Do you typically read the terms and conditions when signing up for a new online service?,Click to write the question text - How often do you review and adjust app permissions?,"Click to write the question text - When encountering cookie consent pop-ups, how often do you customize your preferences?","Are you familiar with the term ""dark patterns"" in relation to website or app design?","Optional: How would you define ""dark patterns""?",Have you ever felt pressured to create an account when you didn't want to?,Optional: How did this make you feel?,Have you ever tried to delete an online account but found the process difficult or unclear?,Optional: Please describe your experience briefly.,Are there any specific online platforms or services that you feel are particularly aggressive or deceptive in their data collection practices? Why?,"Have you ever used a data removal service (e.g., Incogni, Aura)?",Optional: What motivated you to use a data removal service?,Optional: Which data removal service did you use? - Selected Choice,Optional: Which data removal service did you use? - Other (Please specify) - Text,Are you aware of privacy laws such as the CCPA (California Consumer Privacy Act)?,Optional: Have you ever tried to use such laws to enhance your privacy? How was your experience?,Q25 - Topics,Q25 - Parent Topics,Q18 - Topics,Q18 - Parent Topics,Q25 - Topic Hierarchy Level 1,Q18 - Topic Hierarchy Level 1
"{""ImportId"":""startDate"",""timeZone"":""America/Denver""}","{""ImportId"":""endDate"",""timeZone"":""America/Denver""}","{""ImportId"":""status""}","{""ImportId"":""ipAddress""}","{""ImportId"":""progress""}","{""ImportId"":""duration""}","{""ImportId"":""finished""}","{""ImportId"":""recordedDate"",""timeZone"":""America/Denver""}","{""ImportId"":""_recordId""}","{""ImportId"":""recipientLastName""}","{""ImportId"":""recipientFirstName""}","{""ImportId"":""recipientEmail""}","{""ImportId"":""externalDataReference""}","{""ImportId"":""locationLatitude""}","{""ImportId"":""locationLongitude""}","{""ImportId"":""distributionChannel""}","{""ImportId"":""userLanguage""}","{""ImportId"":""Q_RecaptchaScore""}","{""ImportId"":""QID35""}","{""ImportId"":""QID4""}","{""ImportId"":""QID6""}","{""ImportId"":""QID6_4_TEXT""}","{""ImportId"":""QID7""}","{""ImportId"":""QID7_6_TEXT""}","{""ImportId"":""QID8""}","{""ImportId"":""QID20_6""}","{""ImportId"":""QID21_1""}","{""ImportId"":""QID21_4""}","{""ImportId"":""QID21_5""}","{""ImportId"":""QID22""}","{""ImportId"":""QID24_TEXT""}","{""ImportId"":""QID23""}","{""ImportId"":""QID25_TEXT""}","{""ImportId"":""QID26""}","{""ImportId"":""QID27_TEXT""}","{""ImportId"":""QID28_TEXT""}","{""ImportId"":""QID34""}","{""ImportId"":""QID32_TEXT""}","{""ImportId"":""QID29""}","{""ImportId"":""QID29_16_TEXT""}","{""ImportId"":""QID30""}","{""ImportId"":""QID31_TEXT""}","{""ImportId"":""QID25_TEXT_65eed5b5_5x6t7dst2h7iTopics""}","{""ImportId"":""QID25_TEXT_65eed5b5_5x6t7dst2h7iParTopics""}","{""ImportId"":""QID28_TEXT_65eed5b5_sktuapg9hrnwTopics""}","{""ImportId"":""QID28_TEXT_65eed5b5_sktuapg9hrnwParTopics""}","{""ImportId"":""QID25_TEXT_65eed5b5_5x6t7dst2h7iTopicHierarchy1""}","{""ImportId"":""QID28_TEXT_65eed5b5_sktuapg9hrnwTopicHierarchy1""}"
2024-10-08 10:07:12,2024-10-08 10:08:08,1,,100,55,1,2024-10-08 10:08:09,R_3JFWf4gAYMKv7di,,,,,40.7359,-73.9904,preview,EN,,,3,2,,4,,3,,4,3,3,1,,1,,2,,,1,,"11,15",,1,,,,,,,
2024-10-08 14:26:13,2024-10-12 20:20:08,0,173.56.99.144,100,366835,1,2024-10-12 20:20:09,R_7EFLFvyQsC6UqhM,,,,,40.674,-73.9701,anonymous,EN,,,,,,,,,,,,,,,,,,,,,,,,,,,,,,,
2024-10-12 20:20:12,2024-10-12 20:20:16,0,173.56.99.144,10,3,0,2024-10-19 20:20:19,R_2rZqkdcKmEhTtVW,,,,,,,anonymous,EN,1,1,,,,,,,,,,,,,,,,,,,,,,,,,,,,,
2024-11-04 11:58:32,2024-11-04 12:00:41,0,104.28.236.176,100,128,1,2024-11-04 12:00:42,R_3RqHnEA4kcLTI3h,,,,,40.7123,-74.0068,anonymous,EN,1,1,2,1,,3,,4,5,2,1,1,2,,1,"It’s really frustrating, I want to use the website quickly but I cant",2,"There’s no guidance to deleting your account, and I still continue to get notfiications",,2,,,,1,"No, I’ve heard of it but never taken advantage",Unknown,,,,,
2024-11-04 16:43:55,2024-11-04 16:45:38,0,96.231.251.38,100,103,1,2024-11-04 16:45:39,R_6HqaFVHWZPd0W1r,,,,,38.9206,-76.8787,anonymous,EN,1,1,2,2,,1,,4,4,3,5,5,2,,1,,2,,,2,,,,2,,,,,,,
2024-11-05 10:46:39,2024-11-05 10:47:39,0,108.54.205.178,100,60,1,2024-11-05 10:47:40,R_1VNfKcRV7T4L5hT,,,,,40.694,-73.9901,anonymous,EN,0.5,1,2,1,,3,,4,1,1,1,1,1,,1,,2,,,,,,,1,,,,,,,
2024-11-05 11:46:20,2024-11-05 11:49:36,0,99.46.191.40,100,196,1,2024-11-05 11:49:36,R_1a8xum9gThVFhCN,,,,,33.454,-84.1534,anonymous,EN,0.6000000238418579,1,5,1,,4,,3,2,1,3,4,2,,1,"Not good, added work, manage pseudo accounts",2,"Non existent option to delete account, had to talk to customer support and no guaratbtee that it was deleted","Meta platforms, their privacy tools are buggy, have delays in presenting content and are difficult to navigate",1,Privacy,13,,1,No,Unknown,,Unknown,,,
2024-11-05 17:24:28,2024-11-05 17:50:50,0,74.139.184.41,100,1581,1,2024-11-05 17:50:50,R_6jr4sF77KSKP2Nz,,,,,38.269,-85.4934,anonymous,EN,1,1,7,2,,3,,3,4,2,2,2,1,"Websites and apps use dark patterns to manipulate users into making decisions they wouldn’t have otherwise ",1,"Not so good ",2,,Weight loss,2,,,,2,,Unknown,,Unknown,,,
2024-11-06 07:41:32,2024-11-06 07:42:53,0,161.6.6.186,100,80,1,2024-11-06 07:42:53,R_7IWoycwevpUh0B4,,,,,37.019,-86.4537,anonymous,EN,1,1,1,2,,1,,2,4,2,2,2,2,,2,,2,,,2,,,,2,,,,,,,
2024-11-06 07:57:20,2024-11-06 07:59:38,0,73.82.18.121,100,137,1,2024-11-06 07:59:38,R_3pYbiFOH46Ic00V,,,,,33.5844,-84.3206,anonymous,EN,1,1,5,2,,5,,1,1,2,2,2,2,,1,Bad,2,,,2,,,,2,,Unknown,,,,,
2024-11-06 08:22:05,2024-11-06 08:23:32,0,216.165.95.132,100,86,1,2024-11-06 08:23:32,R_7NQVkPIVS3aKDPn,,,,,40.7359,-73.9904,anonymous,EN,0.8999999761581421,1,2,1,,3,,1,3,3,3,3,2,,1,Terrible,2,Terrible,Fortnite,2,,,,2,,Unknown,,Unknown,,,
2024-11-06 08:28:00,2024-11-06 08:31:38,0,207.237.144.45,100,218,1,2024-11-06 08:31:38,R_3UXcRUAei9YqHiV,,,,,40.7503,-74.0014,anonymous,EN,1,1,2,1,,1,,3,3,1,2,1,2,,1,It’s upsetting having to create an account for everything when all you want is access to a resource. I usually end up not creating the account,2,,,2,,,,1,,Unknown,,,,,
2024-11-06 08:39:59,2024-11-06 08:41:37,0,12.74.53.67,100,98,1,2024-11-06 08:41:38,R_6Sl7FjR5k6spN2u,,,,,40.8527,-73.9383,anonymous,EN,1,1,2,1,,3,,2,2,2,3,2,2,,2,,2,,Adobes cancellation plan never told you you had to pay a weird cancellation fee.,2,,,,2,,,,Unknown,,,
2024-11-06 08:40:28,2024-11-06 08:41:40,0,216.165.95.163,100,72,1,2024-11-06 08:41:40,R_5zYzYzZ6bbPKUSj,,,,,40.7359,-73.9904,anonymous,EN,0.8999999761581421,1,2,1,,3,,2,4,1,4,1,2,,2,,2,,,2,,,,2,,,,,,,
2024-11-06 08:43:00,2024-11-06 08:44:25,0,185.127.207.131,100,85,1,2024-11-06 08:44:26,R_8BbNoNZdMReXHiu,,,,,46.5163,6.5802,anonymous,EN,1,1,2,2,,2,,3,2,1,1,5,2,,1,I felt annoyed and frustrated.,2,,,2,,,,2,,Unknown,,,,,
2024-11-06 08:56:18,2024-11-06 08:57:58,0,75.214.89.157,100,99,1,2024-11-06 08:57:59,R_6S8ef4jBGDTFdGI,,,,,40.6643,-73.9763,anonymous,EN,1,1,2,1,,1,,2,2,2,3,4,1,,1,,2,,,2,,,,2,,,,,,,
2024-11-06 09:05:06,2024-11-06 09:06:37,0,31.4.183.92,100,91,1,2024-11-06 09:06:38,R_2EyM5GtcLcJA8OZ,,,,,40.3489,-3.6917,anonymous,EN,0.800000011920929,1,2,2,,3,,2,3,1,2,1,2,,1,Very annoyed,2,,,2,,,,2,,Unknown,,,,,
2024-11-06 10:53:59,2024-11-06 10:55:14,0,24.90.4.102,100,75,1,2024-11-06 10:55:15,R_10CqnGO3AubIsk9,,,,,40.7009,-73.9461,anonymous,EN,,1,2,1,,3,,2,3,1,2,4,2,,1,,2,,,2,,,,2,,,,,,,
2024-11-06 11:48:22,2024-11-06 11:49:13,0,35.3.253.61,100,50,1,2024-11-06 11:49:13,R_3hgT6Acmm4mK52H,,,,,42.3068,-83.7059,anonymous,EN,1,1,3,1,,4,,4,2,1,2,2,2,,1,,2,,,2,,,,2,,,,,,,
2024-11-06 12:13:43,2024-11-06 12:16:48,0,94.203.205.40,100,185,1,2024-11-06 12:16:49,R_4FzgMkA010mEqb8,,,,,25.0731,55.298,anonymous,EN,1,1,7,2,,3,,2,1,4,4,3,2,,2,,3,,N.A,2,,,,2,,,,Unknown,,,
2024-11-06 12:24:59,2024-11-06 12:27:11,0,69.138.219.102,100,132,1,2024-11-06 12:27:12,R_57wBj1t3ad0Vl7S,,,,,38.9208,-77.036,anonymous,EN,1,1,3,1,,4,,4,3,1,1,1,2,,1,Very very upset,2,Very confused,Facebook,2,,,,2,,Unknown,,Unknown,,,
2024-11-06 12:42:34,2024-11-06 12:47:30,0,49.43.33.181,100,295,1,2024-11-06 12:47:30,R_4rNHJL3N4iPady1,,,,,21.1888,72.8293,anonymous,EN,1,1,3,1,,3,,2,2,3,5,5,1,,1,"Uneasy ",2,Redirected to different pages and forms,Youtube Amazon google insta its like you start seeing ads on what you searched,2,,,,1,"Didn’t understand as navigating thru it was a bit difficult ",Unknown,,Unknown,,,
2024-11-06 13:11:30,2024-11-06 13:14:46,0,172.56.78.128,100,196,1,2024-11-06 13:14:46,R_7cCQ3LBLL4v6WMM,,,,,28.5464,-81.2585,anonymous,EN,0.800000011920929,1,8,2,,1,,2,3,1,1,1,2,,1,Weak; like peer pressured,2,The process to close was not obvious or intuitive.  I had to search - finally “googled” how to do it.,Temu maybe,2,,,,2,,Unknown,,Unknown,,,
2024-11-06 13:14:41,2024-11-06 13:16:08,0,104.48.213.66,100,87,1,2024-11-06 13:16:08,R_1YX8kAwMxwGNoiA,,,,,29.3959,-98.4761,anonymous,EN,1,1,3,2,,3,,2,2,2,1,2,1,Display of the app - dark mode or light mode i think,1,Irritated lol,2,some places make it so difficult to delete an account based on device type or browser and it’s so annoying,,2,,,,2,,Unknown,,,,,
2024-11-06 13:15:03,2024-11-06 13:16:37,0,104.28.94.167,100,94,1,2024-11-06 13:16:38,R_3dEdWgRklVBHdCH,,,,,26.3425,-81.7806,anonymous,EN,1,1,2,2,,3,,4,4,2,2,2,2,,2,,2,,"Tik tok. The rules are always changing ",2,,,,2,,,,Unknown,,,
2024-11-06 13:15:18,2024-11-06 13:17:12,0,45.144.115.145,100,114,1,2024-11-06 13:17:13,R_14BBvxhqvcGRwsh,,,,,39.0395,-77.4917,anonymous,EN,0.6000000238418579,1,8,2,,3,,2,3,2,1,1,2,,2,,3,,,2,,,,2,,,,,,,
2024-11-06 13:16:43,2024-11-06 13:18:10,0,140.248.30.172,100,86,1,2024-11-06 13:18:10,R_6imS4DhN1ne1eDL,,,,,35.0458,-85.3135,anonymous,EN,1,1,3,2,,3,,2,2,2,3,2,2,,1,"I guess it made me feel unsafe ",2,,"I can’t think of any ",2,,,,2,,Unknown,,Unknown,,,
2024-11-06 13:16:01,2024-11-06 13:18:33,0,68.117.154.193,100,151,1,2024-11-06 13:18:33,R_7rMoxt2HnOM09yO,,,,,33.4166,-86.7795,anonymous,EN,1,1,9,2,,3,,2,3,2,2,2,2,,1,Unsure,2,,,2,,,,2,,Unknown,,,,,
2024-11-06 13:16:06,2024-11-06 13:20:04,0,68.63.28.118,100,237,1,2024-11-06 13:20:04,R_1g2iAV2630tEp2g,,,,,30.417,-84.185,anonymous,EN,1,1,2,2,,1,,2,2,1,2,1,2,,1,"It made me feel inconvenienced and at the mercy of the site. A lot of the time I visit these kinds of sites for school related purposes and just give them my information in order to complete my assignment. ",2,,"Facebook and their companies, mainly based in information released about their data leaks. TikTok is also concerning as it seems like time and time again it’s “listening to me,” suggesting content related to things I’ve said when my decide isn’t even turned on. ",2,,,,2,,Unknown,,Unknown,,,
2024-11-06 13:21:36,2024-11-06 13:23:58,0,104.28.94.186,100,141,1,2024-11-06 13:23:58,R_1rP9qwnPrhuWnEc,,,,,28.0366,-80.5808,anonymous,EN,1,1,5,2,,6,Some college classes- degree incomplete,2,3,1,4,2,2,,1,Annoyed more than anything,2,A lot of places make you jump through hoops to delete an account,N/a,2,,,,2,,Unknown,,Unknown,,,
2024-11-06 13:24:31,2024-11-06 13:25:48,0,174.229.61.218,100,77,1,2024-11-06 13:25:49,R_5JF8jzieXzYWPPB,,,,,40.694,-73.9901,anonymous,EN,1,1,3,2,,4,,2,2,2,2,2,1,,1,,2,,,2,,,,2,,,,,,,
2024-11-06 13:23:00,2024-11-06 13:26:34,0,97.102.249.247,100,214,1,2024-11-06 13:26:34,R_3BYtOF5Onezi1lz,,,,,28.0608,-80.6722,anonymous,EN,0.8999999761581421,1,8,2,,4,,1,1,2,3,2,2,,1,Annoyed,2,"Couldn't figure out how to close account ","Meal services ",2,,,,2,,Unknown,,Unknown,,,
2024-11-06 13:18:09,2024-11-06 13:26:45,0,166.198.21.16,100,516,1,2024-11-06 13:26:46,R_3EyXQ1c6wOrdMnM,,,,,40.7494,-73.9664,anonymous,EN,0.4000000059604645,1,4,2,,4,,4,4,1,2,1,2,,1,I felt like I didn’t have control over my personal information in terms of what I share with websites. Sometimes I feel like it’s not always necessary and it makes me not want to continue using the service depending on how important it is for me to use their services.,2,I found myself googling how to delete my account at times. I feel like pages make you jump through hoops in order to find the “deactivate” button.,I guess Google would be my first thought but I’ve accepted it at this point because it’s hard to avoidvtheir services. Sometimes they’ll provide a better overall user experience if they have all the other puzzle pieces to my daya/informatoon.,2,,,,2,,Unknown,,Unknown,,,
2024-11-06 13:25:56,2024-11-06 13:27:32,0,76.181.132.224,100,96,1,2024-11-06 13:27:33,R_5leErJ6LTfPrkeB,,,,,38.3048,-85.5865,anonymous,EN,1,1,1,1,,1,,2,4,2,2,2,2,,2,,2,,No,2,,,,2,,,,Unknown,,,
2024-11-06 13:31:06,2024-11-06 13:33:44,0,216.165.95.152,100,158,1,2024-11-06 13:33:45,R_38CVv0m5yADsP1K,,,,,40.7359,-73.9904,anonymous,EN,1,1,2,1,,3,,2,4,2,4,2,2,,1,"I felt nothing ",2,"Have to navigate to bottom of email, then still click a few steps",Most news sites bombarded with ads,2,,,,1,Have not,Unknown,,Unknown,,,
2024-11-06 13:36:34,2024-11-06 13:40:10,0,209.235.166.242,100,215,1,2024-11-06 13:40:10,R_1P0DLgn0cBvrAsl,,,,,35.8538,-78.686,anonymous,EN,1,1,8,1,,6,"Juris doctorate ",3,3,1,3,1,2,,1,Less likely to use the product or service,2,"It is difficult to delete or remove an account and that is frustrating ",Facebook makes ads that are embedded in stories and end up being clicked by accident due to their design,2,,,,2,,Unknown,,Unknown,,,
2024-11-06 13:39:52,2024-11-06 13:41:30,0,157.89.161.98,100,97,1,2024-11-06 13:41:30,R_6wzUVOclDHIeHHY,,,,,37.7548,-84.2985,anonymous,EN,1,1,2,2,,1,,2,1,3,2,2,2,,1,,2,,,2,,,,2,,,,,,,
2024-11-06 13:40:49,2024-11-06 13:42:23,0,167.192.187.101,100,94,1,2024-11-06 13:42:24,R_1YG6TWM9tkuaX9A,,,,,33.7153,-84.3312,anonymous,EN,1,1,3,2,,3,,3,4,3,5,5,2,,1,,3,,,2,,,,1,,,,,,,
2024-11-06 13:35:23,2024-11-06 13:42:41,0,108.147.171.119,100,438,1,2024-11-06 13:42:42,R_3kGKJ0uZWY4sIlC,,,,,32.972,-96.7914,anonymous,EN,1,1,3,2,,4,,3,3,1,4,4,2,,1,"Situations like this always make me feel incredibly frustrated. Whether I’m logging into a random Wi-Fi or paying for parking, I feel like every company makes me create an account. I hate sharing my personal information no reason and only using the account briefly. Although the interaction with the account is brief, I know my data last forever.  TLDR: i absolutely hate it and will try to avoid it any way I can. ",2,"Sometimes, if you want to delete an account, you have to login in the browser instead of doing it through the app or even I’ve seen where you have to wait a certain amount of time to delete your account.  This is more than frustrating and to me feels like the company is trying to trap you into keeping your account longer.  ","Not to be general, but basically every single platform. Now that I’ve seen the backend of what kind of phone data is collected I realize that every app has way more than they’re saying, and they keep the data for a much longer amount of time than they express. Definitely instagram and facebook and i’ve even seen Spotify have access to data i absolutely did not allow them access to. Even outside of apps, Apple and android in themselves collect so much more data than anyone is aware of.  And also deceptive by now allowing you to deny the collection of data. ",2,,,,2,,Unknown,,Unknown,,,
2024-11-06 13:44:46,2024-11-06 13:48:57,0,104.28.32.149,100,251,1,2024-11-06 13:48:58,R_3DXZLoNhzkFe3mp,,,,,33.4663,-86.808,anonymous,EN,1,1,8,2,,1,,2,4,3,2,3,2,,1,I didn’t have a choice,3,,,2,,,,2,,Unknown,,,,,
2024-11-06 13:50:34,2024-11-06 13:51:45,0,216.165.95.146,100,71,1,2024-11-06 13:51:46,R_3dxZHzr2Ff0IBYZ,,,,,40.7359,-73.9904,anonymous,EN,0.800000011920929,1,3,1,,4,,2,5,2,3,3,1,,1,Not able to save time,2,,,2,,,,2,,Unknown,,,,,
2024-11-06 13:46:10,2024-11-06 13:52:18,0,174.211.231.74,100,368,1,2024-11-06 13:52:19,R_506tuNixdCUNpms,,,,,28.6225,-81.4317,anonymous,EN,1,1,3,2,,3,,4,2,2,1,1,2,,1,Uncomfortable as to where even information such as an email can then lead to,2,,"Yes when a webpage looks unfinished with lots of pop like with generator websites ",2,,,,2,,Unknown,,Unknown,,,
2024-11-06 13:50:53,2024-11-06 13:52:42,0,76.146.59.107,100,108,1,2024-11-06 13:52:43,R_7OP25s5BiJUNLwW,,,,,47.8302,-122.3331,anonymous,EN,1,1,2,2,,1,,3,1,1,2,4,2,,1,,2,,Instagram/Facebook/Google,2,,,,2,,,,Unknown,,,
2024-11-06 13:52:12,2024-11-06 13:54:12,0,12.5.161.31,100,119,1,2024-11-06 13:54:12,R_61mnWYfBF3cOiPL,,,,,32.7368,-96.9068,anonymous,EN,1,1,3,2,,4,,2,4,3,3,1,2,,2,,3,,No,2,,,,2,,,,Unknown,,,
2024-11-06 13:56:31,2024-11-06 13:58:59,0,71.47.251.144,100,147,1,2024-11-06 13:58:59,R_5cZEesPMkHpLfN2,,,,,28.1404,-80.6514,anonymous,EN,1,1,7,2,,4,,2,3,2,3,2,2,,2,,3,,Not sure,2,,,,1,,,,Unknown,,,
2024-11-06 13:56:37,2024-11-06 13:59:35,0,156.146.36.68,100,177,1,2024-11-06 13:59:35,R_7AZ7TuT0BkbiY4l,,,,,40.7123,-74.0068,anonymous,EN,0.699999988079071,1,3,1,,5,,4,5,1,2,2,1,"deceptive wording ",2,,2,Many conformational stages required before deleting an account.,"Social Media, usually. Subscription services too.",2,,,,1,No,,,Unknown,,,
2024-11-06 13:56:38,2024-11-06 14:03:19,0,104.62.171.103,100,401,1,2024-11-06 14:03:19,R_3CIdaLIJMfGwkDS,,,,,28.1404,-80.6514,anonymous,EN,1,1,8,2,,3,,1,2,2,1,1,2,,1,Frustrated,2," I’m not a fan of always being asked to save my credit card data",,2,,,,2,,Unknown,,,,,
2024-11-06 14:06:15,2024-11-06 14:08:38,0,47.204.156.230,100,142,1,2024-11-06 14:08:38,R_6LGbSrRtxoVKany,,,,,28.0684,-82.7593,anonymous,EN,0.699999988079071,1,3,2,,3,,2,1,2,3,2,2,,1,Made me want to lower my phone usage,2,,Not that I can think of,2,,,,2,,Unknown,,Unknown,,,
2024-11-06 14:20:50,2024-11-06 14:24:12,0,64.203.155.153,100,201,1,2024-11-06 14:24:13,R_6eHqnbQKVziT5Kh,,,,,38.0685,-78.8895,anonymous,EN,1,1,8,2,,3,,2,2,2,3,2,2,,2,,2,,,2,,,,2,,,,,,,
2024-11-06 14:20:20,2024-11-06 14:25:19,0,68.80.254.104,100,299,1,2024-11-06 14:25:19,R_6EGqY3m08phqbmb,,,,,39.934,-75.16,anonymous,EN,1,1,3,2,,5,,2,3,1,1,1,2,,1,like i didn’t want to use the website/app,2,"Common sense would tell you where to look like at the bottom of your account page, or look for a tab regarding account status or something. I’ve found it so difficult before that i’ve actually had to google how to remove my account. ","not off the top of my head ",2,,,,2,,Unknown,,Unknown,,,
2024-11-06 14:29:53,2024-11-06 14:31:38,0,172.56.78.223,100,104,1,2024-11-06 14:31:38,R_3pSRVr1JgEyKQ5q,,,,,28.5464,-81.2585,anonymous,EN,,1,3,2,,4,,2,3,1,4,4,2,,2,,2,,,2,,,,2,,,,,,,
2024-11-06 14:44:09,2024-11-06 14:45:30,0,216.165.95.132,100,80,1,2024-11-06 14:45:30,R_1GxWX9XrOoc8Cs5,,,,,40.7359,-73.9904,anonymous,EN,1,1,2,1,,1,,4,2,1,2,2,1,,1,,2,,,2,,,,1,,,,,,,
2024-11-06 14:47:59,2024-11-06 14:49:39,0,132.170.212.60,100,100,1,2024-11-06 14:49:40,R_10dRG6UixpDsPQr,,,,,28.5879,-81.2264,anonymous,EN,0.6000000238418579,1,2,2,,3,,3,4,2,2,4,1,,1,Like they want to collect my information and I do not want to use that website any more,2,,,2,,,,2,,Unknown,,,,,
2024-11-06 14:50:07,2024-11-06 14:55:47,0,73.245.11.192,100,339,1,2024-11-06 14:55:47,R_7Gqsagzcql8OCtz,,,,,26.8238,-80.1407,anonymous,EN,1,1,10,2,,6,H information manager,2,3,3,3,5,1,,2,,3,,,2,,,,1,No,,,,,,
2024-11-06 14:53:49,2024-11-06 14:56:01,0,144.174.212.48,100,131,1,2024-11-06 14:56:01,R_1NCknlcSz2B9Joj,,,,,30.4566,-84.3223,anonymous,EN,1,1,3,1,,3,,1,3,,,,2,,1,,2,,Not in particular,2,,,,2,,,,Unknown,,,
2024-11-06 15:13:24,2024-11-06 15:15:32,0,72.89.247.149,100,128,1,2024-11-06 15:15:33,R_6r3cxY9oBkCRU6h,,,,,40.6208,-74.0426,anonymous,EN,1,1,3,1,,4,,4,5,2,5,5,1,Sussy baka,1,"Not wanting to use that platform ",2,,"Quora ",2,,,,1,"Not accepting cookies on stack overflow ",Unknown,,Unknown,,,
2024-11-06 15:34:11,2024-11-06 15:36:01,0,172.56.77.52,100,110,1,2024-11-06 15:36:01,R_5PoyNeHdcUKN4Ir,,,,,28.5464,-81.2585,anonymous,EN,1,1,3,2,,3,,2,3,2,4,1,2,,1,Weary,2,"If it takes one button to sign up, it should take one to delete, not multiple hoops.","Facebook, we all know why lol",2,,,,1,,Unknown,,Unknown,,,
2024-11-06 15:38:01,2024-11-06 15:43:43,0,108.147.177.129,100,341,1,2024-11-06 15:43:43,R_3HQcakwlKcv1OyB,,,,,28.0508,-82.4484,anonymous,EN,1,1,3,1,,3,,3,3,1,3,3,1,Manipulative technique to get someone to buy or redirect to a possible phishing websites etc,2,,3,,"Free video streaming websites ",2,,,,1,Nope,,,Unknown,,,
2024-11-06 15:46:22,2024-11-06 15:50:02,0,12.215.20.136,100,220,1,2024-11-06 15:50:03,R_3t9UNYWbeLeX7V4,,,,,37.8065,-85.4592,anonymous,EN,,1,7,2,,1,,3,5,3,3,4,2,,1,"Not safe ",2,,,2,,,,2,,Unknown,,,,,
2024-11-06 15:58:57,2024-11-06 16:01:04,0,107.72.178.6,100,126,1,2024-11-06 16:01:05,R_64p4TwyHEbpD6ZX,,,,,28.6344,-81.6221,anonymous,EN,0.699999988079071,1,3,2,,2,,1,3,3,3,4,2,,1,Why must I do this just to use this service,2,"It was difficult, challenging, and time consuming",,2,,,,2,,Unknown,,,,,
2024-11-06 16:00:03,2024-11-06 16:01:18,0,216.165.95.187,100,75,1,2024-11-06 16:01:18,R_5PtKtoT7pQ6rYsH,,,,,40.7359,-73.9904,anonymous,EN,0.30000001192092896,1,3,2,,3,,2,4,4,4,4,1,,1,,2,,,2,,,,1,,,,,,,
2024-11-06 16:46:43,2024-11-06 16:48:29,0,104.53.50.132,100,106,1,2024-11-06 16:48:29,R_11hO9nhqaQZVG1N,,,,,28.2062,-80.6874,anonymous,EN,1,1,4,2,,3,,1,3,1,3,3,2,,2,,3,,,1,,14,,1,,,,,,,
2024-11-06 16:59:09,2024-11-06 17:01:51,0,99.61.8.166,100,162,1,2024-11-06 17:01:51,R_1pyXYfdXrcKGBKM,,,,,28.0608,-80.6722,anonymous,EN,1,1,3,2,,3,,3,2,1,3,3,2,,1,"Informed ",2,"Facebook, you have to delete your account on a PC instead of through the app",Facebook and X (twitter),2,,,,2,,Unknown,,Unknown,,,
2024-11-06 16:12:15,2024-11-06 17:29:57,0,12.75.163.167,100,4662,1,2024-11-06 17:29:58,R_7qeN61eDS5yn1Sd,,,,,32.9473,-96.7028,anonymous,EN,1,1,3,2,,3,,3,2,1,1,1,2,,1,,2,,,2,,,,2,,,,,,,
2024-11-06 17:34:45,2024-11-06 17:39:12,0,108.79.197.137,100,266,1,2024-11-06 17:39:13,R_3K0wlXpNAmXjFUQ,,,,,34.7777,-86.5445,anonymous,EN,0.30000001192092896,1,4,2,,3,,3,4,2,4,5,2,,1,"Angry, especially when the website itself is free and they're serving ads regardless of account status. The only time i think its acceptable is for pornographic sites, or sites that host content. ",2,,"All of them, especially ones that listen in to your conversations or the ones that show ads based on the ip addresses around you.",2,,,,1,Ive considered using a VPN to pretend im in Europe,Unknown,,Unknown,,,
2024-11-06 17:36:09,2024-11-06 17:39:37,0,71.105.112.176,100,207,1,2024-11-06 17:39:38,R_3dQcp20Rf6gwKZx,,,,,40.6877,-73.9267,anonymous,EN,1,1,3,1,,4,,3,4,3,4,5,1,"Dark patterns are deceptive website and app designs that trick users into unwanted actions, like hard-to-find opt-outs, hidden privacy settings, misleading buttons, or guilt-tripping language.",1,,3,,Don't remember exact name,2,,,,1,Sometimes you need to contact the customer care which is waste of time.,,,Unknown,,,
2024-11-06 17:32:36,2024-11-06 17:42:18,0,172.56.75.158,100,581,1,2024-11-06 17:42:19,R_5BNyaKqRjY8rzQ5,,,,,28.5177,-81.4508,anonymous,EN,0.30000001192092896,1,8,1,,4,,3,4,2,3,3,2,,1,Annoyed,2,"I don't like being forced to make an account to use and app then be spammed with emails. ","Google, Microsoft, Apple",1,"Privacy ",12,,2,,Unknown,,Unknown,,,
2024-11-06 17:55:20,2024-11-06 18:00:24,0,216.165.95.167,100,304,1,2024-11-06 18:00:24,R_7rGGV31RI0iMIa4,,,,,40.7359,-73.9904,anonymous,EN,0.10000000149011612,1,3,2,,4,,3,4,2,4,5,1,,1,"I feel like no service on the internet is ""free"" anymore. Everything is in exchange for your data. ",2,"Sometimes, despite cancelling the subscription, they charge your card and these kind of services usually have terrible customer service so it is very hard to get a hold of them.",I think almost all online platforms but specifically services that have a monthly subscription model.,1,,11,,2,,Unknown,,Unknown,,,
2024-11-06 18:24:48,2024-11-06 18:28:51,0,173.56.99.144,100,242,1,2024-11-06 18:28:51,R_5r2l3gyLx3yKr4t,,,,,40.674,-73.9701,anonymous,EN,1,1,3,1,,3,,3,3,2,2,3,1,UI design that makes it difficult/ confusing to do something that a company doesn’t want (for example cancelling a subscription),1,"Angry / annoyed ",2,"Random bullcrap ai startup did not have a cancel button ","Google, Facebook, bad PR / often in the news ",2,,,,1,No,Unknown,,Unknown,,,
2024-11-06 18:27:24,2024-11-06 18:30:08,0,70.126.162.50,100,163,1,2024-11-06 18:30:08,R_7PYoI1Z1JvU0uzv,,,,,28.1885,-81.2695,anonymous,EN,1,1,4,2,,3,,3,4,2,3,3,2,,1,,2,It’s frustating since they usual don’t make it easy,Usually when it asks for like very personal information like address or phone number for a random online platform that’s when I doubt it,2,,,,2,,,,Unknown,,,
2024-11-06 18:29:21,2024-11-06 18:36:27,0,47.13.132.25,100,425,1,2024-11-06 18:36:27,R_10T8qb1TRG0fVvz,,,,,33.395,-86.8348,anonymous,EN,1,1,8,2,,3,,1,2,1,1,1,2,,2,,3,,,2,,,,2,,,,,,,
2024-11-06 19:12:25,2024-11-06 19:14:34,0,159.150.5.175,100,128,1,2024-11-06 19:14:35,R_3L13BHPWRHbfLQB,,,,,34.5268,-92.9587,anonymous,EN,0,1,4,1,,4,,3,3,4,3,4,2,,1,Needlessly annoyed,2,"I've had to dig through several settings without clearly and asked repeatedly if I want to. ","Google because they take a lot of info from your phone, which even takes up battery",2,,,,2,,Unknown,,Unknown,,,
2024-11-06 19:11:13,2024-11-06 19:18:12,0,67.8.38.188,100,418,1,2024-11-06 19:18:12,R_73Tsdpltw9ikVw6,,,,,28.5504,-81.1833,anonymous,EN,1,1,2,1,,2,,4,3,1,3,1,2,,2,,2,,"Tinder, they seem to need a lot of necessary data and they make it seem like you need to give out the data to have a good profile.",2,,,,2,,,,Unknown,,,
2024-11-06 19:22:33,2024-11-06 19:27:34,0,96.72.24.225,100,301,1,2024-11-06 19:27:35,R_5PAdMSJOSrBk839,,,,,30.4566,-84.3223,anonymous,EN,1,1,3,2,,3,,1,2,2,2,3,2,,1,"Irritated ",2,Having to go page to page to access an unsubscribe or unlist,"Any sort of news  articles or magazines. They allow you to read a certain # of articles free before you’re forced to pay or they let you read half of an article and then blur until you subscribe or pay ",2,,,,1,NA,Unknown,,Unknown,,,
2024-11-06 19:41:01,2024-11-06 19:42:31,0,207.104.43.19,100,90,1,2024-11-06 19:42:32,R_671nwlW0D7eqGeY,,,,,25.8119,-80.2318,anonymous,EN,0.699999988079071,1,3,2,,1,,2,2,1,3,3,2,,1,,2,,,2,,,,2,,,,,,,
2024-11-06 20:00:53,2024-11-06 20:03:05,0,184.152.35.188,100,132,1,2024-11-06 20:03:06,R_1eqRP0VHYA8qjld,,,,,40.6208,-74.0426,anonymous,EN,1,1,3,1,,4,,2,4,1,4,5,2,,2,,2,,,2,,,,2,,,,,,,
2024-11-06 20:35:35,2024-11-06 20:38:14,0,76.78.230.128,100,158,1,2024-11-06 20:38:14,R_5fpbpyzFCLv48AJ,,,,,38.2168,-85.7616,anonymous,EN,1,1,2,2,,1,,2,2,2,1,1,2,,1,,2,,,2,,,,2,,,,,,,
2024-11-06 21:14:10,2024-11-06 21:16:39,0,107.115.147.67,100,148,1,2024-11-06 21:16:39,R_7nonW1ilnvzfWaB,,,,,39.9544,-75.1657,anonymous,EN,0.4000000059604645,1,2,2,,1,,4,3,2,3,2,2,,1,Annoyed because I was being coerced.,2,,,2,,,,2,,Unknown,,,,,
2024-11-06 21:28:21,2024-11-06 21:32:18,0,107.115.147.75,100,237,1,2024-11-06 21:32:19,R_301oETS9TORtlK5,,,,,39.9544,-75.1657,anonymous,EN,0.30000001192092896,1,2,2,,3,,3,2,2,4,3,2,,1,"Frustrated ",2,,"I feel most social media such as Instagram or Snapchat are aggressive in their collection practices. I also feel google it self is aggressive ",2,,,,2,,Unknown,,Unknown,,,
2024-11-06 21:52:51,2024-11-06 21:59:55,0,152.59.14.145,100,423,1,2024-11-06 21:59:56,R_4icig19TEWlEOXL,,,,,15.4823,73.8353,anonymous,EN,1,1,3,1,,3,,2,4,2,4,1,2,,1,,2,,,2,,,,2,,,,,,,
2024-11-06 22:55:19,2024-11-06 22:57:20,0,76.153.218.72,100,120,1,2024-11-06 22:57:20,R_5UgenP3sd0mhVa9,,,,,25.8119,-80.2318,anonymous,EN,1,1,3,2,,3,,2,4,1,2,1,2,,2,,3,,,2,,,,2,,,,,,,
2024-11-06 22:24:23,2024-11-06 23:22:01,0,171.76.223.253,100,3458,1,2024-11-06 23:22:02,R_4r2Kj5707xZX3tP,,,,,12.9634,77.5855,anonymous,EN,1,1,3,1,,3,,3,3,1,2,1,2,,2,,2,,,2,,,,2,,,,,,,
2024-11-07 00:50:51,2024-11-07 00:52:37,0,161.6.3.51,100,106,1,2024-11-07 00:52:38,R_3mpUcR6ZcLAyG9u,,,,,37.019,-86.4537,anonymous,EN,0.6000000238418579,1,2,2,,2,,3,4,4,3,5,2,,1,,2,,,2,,,,2,,,,,,,
2024-11-07 04:26:50,2024-11-07 04:34:11,0,172.56.76.243,100,441,1,2024-11-07 04:34:12,R_1NRr0X27t9P2iDn,,,,,28.5464,-81.2585,anonymous,EN,1,1,7,2,,4,,2,4,3,3,2,2,,1,"I felt unsafe and usually backed out of the portal. Sometimes I would create the account if it was a name or company I was familiar with even though I might not like it. When I don’t have an option but to create an account I feel bullied. ",2,"Oh man Amazon is awful for this. Sign up for some subscription and they hide how to cancel it. Also took me forever to cancel our newspaper subscription because they will only let you do it on the phone and only during certain hours and only after navigating an intentionally vague phone maze. Roku also makes it hard to find where to cancel online services. ","Facebook, Amazon, Roku, Google",2,,,,2,,Unknown,,Unknown,,,
2024-11-07 06:44:51,2024-11-07 06:48:50,0,71.47.192.119,100,238,1,2024-11-07 06:48:51,R_3MnUfroTRPWezOV,,,,,28.1404,-80.6514,anonymous,EN,0.8999999761581421,1,8,2,,1,,1,4,4,3,4,2,,1,Angry so walked away from it,2,Difficult to find and then have to jump through hoops to actually delete,Many social media especially facebook,2,,,,1,No,Unknown,,Unknown,,,
2024-11-07 06:55:35,2024-11-07 06:59:03,0,174.239.80.179,100,208,1,2024-11-07 06:59:04,R_1MEZ28myD3Om1wE,,,,,28.5436,-81.3738,anonymous,EN,0.6000000238418579,1,9,2,,2,,2,4,2,2,3,1,patterns that aren't readily obvious to the reader but can trace/track your online activity,1,I didn't do it.,2,"oftentimes when you delete a website,  it's only temporary ",yes; businesses/organizations that wish to mine your data,2,,,,1,n9,Unknown,,Unknown,,,
2024-11-07 07:00:05,2024-11-07 07:04:06,0,104.62.171.182,100,241,1,2024-11-07 07:04:07,R_14qRoAnj0D1RrgZ,,,,,28.1404,-80.6514,anonymous,EN,1,1,9,2,,1,,2,2,,,2,2,,1,Scared,2,,AOL,2,,,,1,No,Unknown,,Unknown,,,
2024-11-07 08:19:31,2024-11-07 08:22:15,0,128.163.238.153,100,164,1,2024-11-07 08:22:16,R_7MXr8WPK4goPeYI,,,,,38.0302,-84.4617,anonymous,EN,0.6000000238418579,1,2,1,,3,,2,5,3,4,3,1,"ux patterns that persuade users to perform an action ",1,sad,2,they put like 20 steps before i could actually cancel,mostly stuff that is paid with monthly subscriptions,2,,,,1,,Unknown,,Unknown,,,
2024-11-07 08:57:40,2024-11-07 08:59:11,0,68.202.29.20,100,90,1,2024-11-07 08:59:11,R_3KxwWNAbDYuzfDP,,,,,27.9749,-80.6917,anonymous,EN,1,1,5,2,,3,,2,3,2,3,2,2,,1,Annoyed,2,"This is also really annoying ",Probably most social media sites,2,,,,1,n/a,Unknown,,Unknown,,,
2024-11-07 09:48:13,2024-11-07 09:50:04,0,152.59.160.156,100,111,1,2024-11-07 09:50:05,R_4HuKZypdPTJ4omg,,,,,22.518,88.3832,anonymous,EN,1,1,3,1,,4,,2,4,4,4,4,2,,1,"Should work and fix accordingly ",2,,,2,,,,2,,Unknown,,,,,
2024-11-07 09:52:26,2024-11-07 09:55:28,0,172.56.29.28,100,182,1,2024-11-07 09:55:29,R_1OlAngKs0Y4sRrz,,,,,40.0149,-75.1439,anonymous,EN,1,1,3,2,,4,,3,4,2,3,2,2,,1,Annoyed,2,,"Online paraphrasing tools, basically all online service tools",2,,,,2,,Unknown,,Unknown,,,
2024-11-07 10:37:37,2024-11-07 10:40:26,0,73.118.33.244,100,169,1,2024-11-07 10:40:27,R_1sy7nvoqHcQ5a4p,,,,,30.4908,-84.3158,anonymous,EN,1,1,3,2,,3,,2,3,2,3,2,2,,2,,2,"I feel like it’s always super easy to create an account and super difficult to delete one or unsubscribed. I also don’t really check the terms and conditions because I feel like they’re gonna steal my data anyway ","Netflix and other streaming platforms. I learned in a media class that they keep track of all what you are doing, which seems obvious but they use that data to track how many people watch, for how long, etc and farm for data.",2,,,,2,,,,Unknown,,,
2024-11-07 13:55:32,2024-11-07 13:58:47,0,98.203.33.87,100,194,1,2024-11-07 13:58:49,R_6Sf7R6a77WpiyRP,,,,,26.1783,-80.2734,anonymous,EN,1,1,3,1,,3,,1,5,3,5,3,1,"Dark patterns are ways that websites might manipulate a user to make decisions they may not otherwise make, I see it often when trying to unsubscribe from a service / figure out how to stop paying monthly premiums (which themselves can be good examples of dark patterns)",1,Kinda just annoyed,2,"so many hoops and bounds to go through just to get to the ""final"" deletion page, only to be met with the knowledge that you must provide written approval to delewte the account.","Amazon, facebook, etc. ",2,,,,1,,Unknown,,Unknown,,,
2024-11-07 14:58:53,2024-11-07 15:00:35,0,107.77.198.68,100,101,1,2024-11-07 15:00:35,R_1iE9PKLnh8Bwodl,,,,,32.7797,-96.8022,anonymous,EN,0.20000000298023224,1,3,1,,4,,2,3,2,2,2,2,,2,,3,,No,2,,,,2,,,,Unknown,,,
2024-11-08 10:11:40,2024-11-08 10:12:55,0,68.161.170.25,100,75,1,2024-11-08 10:12:56,R_5vKFX7baW003JPr,,,,,40.6994,-73.8883,anonymous,EN,1,1,3,1,,4,,3,1,2,4,3,2,,1,Annoyed,3,,,2,,,,2,,Unknown,,,,,
2024-11-08 12:57:05,2024-11-08 12:58:27,0,144.174.212.21,100,81,1,2024-11-08 12:58:27,R_5jB7Y4IhuwxVetB,,,,,30.4566,-84.3223,anonymous,EN,1,1,3,2,,2,,2,2,3,5,5,1,,1,,2,,,2,,,,2,,,,,,,
2024-11-08 14:21:00,2024-11-08 14:23:50,0,216.165.95.155,100,169,1,2024-11-08 14:23:50,R_3LvbFXH2Qc4XmXx,,,,,40.7359,-73.9904,anonymous,EN,0.8999999761581421,1,2,1,,3,,4,5,2,3,2,2,,1,Annoyed,2,I tried to unsubscribe from a gym membership but the instruction was unclear and I did not know if I did it correctly.,,2,,,,2,,Unknown,,,,,
2024-11-08 18:43:31,2024-11-08 18:51:25,0,72.89.247.149,100,474,1,2024-11-08 18:51:26,R_1ifEIzSDwjI8ppK,,,,,40.6208,-74.0426,anonymous,EN,1,1,3,1,,4,,3,5,3,2,5,1,"Fallacy against the user. Maladaptive ads, misdirection, hidden costs are some examples.",1,Stuck and annoyed,2,,Any website/app that offers it's services before the mandatory account page (or payment page) is deceptive in nature.,2,,,,1,,Unknown,,Unknown,,,
2024-11-08 19:18:27,2024-11-08 19:23:30,0,96.28.181.141,100,302,1,2024-11-08 19:23:30,R_3wmuxYTLFvxhCY9,,,,,38.2454,-85.5363,anonymous,EN,1,1,7,2,,4,,3,4,2,2,2,2,,1,"Opt out or continue as a guest when that is an option. Makes me feel annoyed. ",2,"Unclear as to how to accomplish so “hope for the best” but hate that it is “out there”. ",Most; seems everyone is trying to collect info,2,,,,2,,Unknown,,Unknown,,,
2024-11-08 19:26:03,2024-11-08 19:28:54,0,75.81.239.106,100,170,1,2024-11-08 19:28:54,R_7vi9dWPyl8OH9Yg,,,,,38.3048,-85.5865,anonymous,EN,1,1,7,2,,4,,3,4,2,2,3,1,,2,,2,,,2,,,,1,,,,,,,
2024-11-08 22:32:16,2024-11-08 22:34:45,0,65.29.216.159,100,148,1,2024-11-08 22:34:46,R_77jOEgac1V3cg3k,,,,,38.269,-85.4934,anonymous,EN,1,1,7,2,,4,,2,2,2,2,2,2,,1,,2,,,2,,,,2,,,,,,,
2024-11-09 07:22:59,2024-11-09 07:25:21,0,172.59.82.43,100,141,1,2024-11-09 07:25:22,R_7rGry4eFW6eWFUn,,,,,38.1405,-85.6936,anonymous,EN,1,1,9,2,,1,,2,2,5,5,2,2,,2,,3,,,2,,,,2,,,,,,,
2024-11-09 08:29:35,2024-11-09 08:33:59,0,75.18.104.30,100,263,1,2024-11-09 08:33:59,R_7VkxQNB34gxuSnB,,,,,38.269,-85.4934,anonymous,EN,0.800000011920929,1,7,1,,4,,4,4,1,3,5,2,,1,Extremely mad,2,Trying to cancel Sirius Satellite radio,"Google, it knows too much ",2,,,,2,,Unknown,,Unknown,,,
2024-11-09 08:30:40,2024-11-09 08:34:21,0,75.18.104.30,100,220,1,2024-11-09 08:34:22,R_6mk3iuqXBnaafj0,,,,,38.269,-85.4934,anonymous,EN,1,1,7,2,,3,,2,2,1,3,2,1,Intentionally hiding or misleading ways over the internet,1,,2,,,2,,,,2,,,,,,,
2024-11-09 09:05:14,2024-11-09 11:42:46,0,74.134.232.198,100,9452,1,2024-11-09 11:42:47,R_1L0dl1RdOXRTtrH,,,,,38.269,-85.4934,anonymous,EN,1,1,7,1,,4,,4,2,2,2,3,2,,1,,3,,,2,,,,2,,,,,,,
2024-11-09 12:32:39,2024-11-09 12:39:37,0,172.59.216.62,100,418,1,2024-11-09 12:39:38,R_3rMtwiyEfIFmgDI,,,,,35.2916,-80.8201,anonymous,EN,1,1,6,1,,3,,1,2,2,3,3,2,,1,"Not fine ",2,"Some apps let you get subscribe from phone but they don’t allow inscribe though phone . You have to go to their website ","Spotify ,dating apps ",2,,,,2,,Unknown,,Unknown,,,
2024-11-09 18:29:58,2024-11-09 18:32:29,0,104.28.79.130,100,150,1,2024-11-09 18:32:29,R_1MoHaHTC3mjIo7Z,,,,,38.2539,-85.76,anonymous,EN,1,1,7,2,,3,,2,2,3,3,3,2,,1,Annoyed,2,,,2,,,,1,No,Unknown,,,,,
2024-11-10 07:52:11,2024-11-10 07:55:06,0,104.28.103.210,100,174,1,2024-11-10 07:55:07,R_6oFsiZBQY3HvEGk,,,,,38.2213,-85.7396,anonymous,EN,1,1,6,1,,4,,3,2,2,3,3,1,Deceptive design,2,,2,,,2,,,,2,,,,,,,
2024-11-04 11:02:25,2024-11-04 11:03:40,0,216.165.95.190,67,75,0,2024-11-11 11:03:43,R_7uqzkoTMB3FvAeB,,,,,,,anonymous,EN,0.800000011920929,1,2,1,,3,,2,3,1,3,2,1,,2,,,,,,,,,,,,,,,,
2024-11-04 11:20:57,2024-11-04 11:22:46,0,97.149.155.158,38,108,0,2024-11-11 11:22:54,R_5KMGK6aoKlTZqag,,,,,,,anonymous,EN,1,1,7,1,,3,,1,5,,,,,,,,,,,,,,,,,,,,,,
2024-11-04 12:03:32,2024-11-04 12:03:52,0,155.246.151.38,38,19,0,2024-11-11 12:06:12,R_7R1xkSrTymlcVhH,,,,,,,anonymous,EN,1,1,2,1,,3,,1,4,,,,,,,,,,,,,,,,,,,,,,
2024-11-11 18:38:48,2024-11-11 18:41:02,0,97.149.155.158,100,134,1,2024-11-11 18:41:03,R_5MRrkkqHL0Xiuub,,,,,39.6804,-86.1306,anonymous,EN,1,1,7,1,,3,,1,3,2,3,4,2,,1,Forced,2,"Time consuming ",Google,2,,,,2,,Unknown,,Unknown,,,
2024-11-11 19:06:14,2024-11-11 19:09:25,0,172.226.197.3,100,190,1,2024-11-11 19:09:26,R_7YV04dHaYSgAMI9,,,,,39.9528,-75.1646,anonymous,EN,1,1,7,1,,4,,3,3,1,3,4,2,,2,,2,,,2,,,,1,,,,,,,
2024-11-12 09:56:31,2024-11-12 10:00:08,0,71.247.72.159,100,217,1,2024-11-12 10:00:08,R_1KqixURkw1MKsaK,,,,,40.7359,-73.9904,anonymous,EN,1,1,3,1,,1,,2,3,2,5,4,2,,1,"Annoyed, and frustrated at the site for making me create an account, potentially slowing down what I was trying to accomplish on the site, and even worse potentially filling up my inbox with spam considering many sites now require you to verify your email address as well",2,"It was a virtual maze navigating from section to section to find the delete account button, and even after you find it you have to fill out either a form or a questionnaire to delete your account","Instagram, TikTok",2,,,,1,n/a,Unknown,,Unknown,,,
2024-11-06 09:18:50,2024-11-06 09:19:04,0,216.165.95.181,29,13,0,2024-11-13 09:19:10,R_5BuOjwRFA2Q6Dvz,,,,,,,anonymous,EN,0.8999999761581421,1,2,1,,3,,,,,,,,,,,,,,,,,,,,,,,,,
2024-11-06 11:52:35,2024-11-06 11:53:23,0,128.164.171.29,52,48,0,2024-11-13 11:53:24,R_6dazWsziPVvp4wj,,,,,,,anonymous,EN,1,1,3,1,,4,,3,3,2,5,2,2,,,,,,,,,,,,,,,,,,
2024-11-06 13:11:11,2024-11-06 13:12:11,0,140.248.0.61,67,59,0,2024-11-13 13:12:13,R_3346Up2RTCLe2ku,,,,,,,anonymous,EN,1,1,5,2,,3,,2,3,2,3,2,2,,1,Na,2,,,,,,,,,Unknown,,,,,
2024-11-06 13:54:30,2024-11-06 13:55:07,0,50.114.94.231,10,36,0,2024-11-13 13:55:10,R_3jfFCFMcqQ3FcSZ,,,,,,,anonymous,EN,1,1,,,,,,,,,,,,,,,,,,,,,,,,,,,,,
2024-11-06 14:24:59,2024-11-06 14:25:17,0,172.56.160.153,38,17,0,2024-11-13 14:25:19,R_6Kr6yd5AWszs5oJ,,,,,,,anonymous,EN,1,1,3,1,,4,,3,5,,,,,,,,,,,,,,,,,,,,,,
2024-11-06 14:28:43,2024-11-06 14:29:08,0,63.208.206.2,38,24,0,2024-11-13 14:29:09,R_1HAmUX2oHabV2Fb,,,,,,,anonymous,EN,1,1,3,2,,3,,3,3,,,,,,,,,,,,,,,,,,,,,,
2024-11-06 16:01:56,2024-11-06 16:02:37,0,144.174.214.39,48,41,0,2024-11-13 16:02:42,R_6pbSCgdOLHn5HtT,,,,,,,anonymous,EN,,1,2,1,,2,,2,4,1,4,4,1,,,,,,,,,,,,,,,,,,
2024-11-06 17:42:59,2024-11-06 17:43:03,0,216.165.95.190,10,3,0,2024-11-13 17:43:06,R_1DjRpHdUNHqlUKy,,,,,,,anonymous,EN,0.8999999761581421,1,,,,,,,,,,,,,,,,,,,,,,,,,,,,,
2024-11-06 19:24:36,2024-11-06 19:25:15,0,216.165.95.190,57,39,0,2024-11-13 19:25:17,R_50qxTdj0FCDDpIx,,,,,,,anonymous,EN,0.8999999761581421,1,3,2,,4,,2,3,3,5,5,2,,1,,,,,,,,,,,,,,,,
2024-11-06 21:45:24,2024-11-07 01:05:25,0,24.160.85.93,38,12001,0,2024-11-14 01:05:27,R_69yCfSsE2SpAwk9,,,,,,,anonymous,EN,1,1,3,2,,3,,2,3,,,,,,,,,,,,,,,,,,,,,,
2024-11-07 11:37:49,2024-11-07 11:39:19,0,68.57.172.55,38,89,0,2024-11-14 11:39:21,R_5GJJdYG8gRIuyN5,,,,,,,anonymous,EN,,1,3,2,,4,,2,3,,,,,,,,,,,,,,,,,,,,,,
2024-11-16 18:18:07,2024-11-16 18:21:25,0,206.171.36.39,100,198,1,2024-11-16 18:21:26,R_74d7ojJiAyWXfuU,,,,,40.8125,-74.2134,anonymous,EN,1,1,7,1,,5,,1,2,2,3,2,2,,1,The website wants to keep in contact with me,2,"I opted out and still receive emails ","Facebook ",2,,,,2,,Unknown,,Unknown,,,
2024-11-17 06:11:58,2024-11-17 06:13:35,0,74.132.194.130,100,97,1,2024-11-17 06:13:36,R_1D2GqdC4sehkU96,,,,,38.1405,-85.6936,anonymous,EN,1,1,2,1,,1,,3,4,1,3,2,2,,2,,3,,Instagram because they listen to your conversations for advertisibg,2,,,,1,,,,Unknown,,,
2024-11-18 18:43:21,2024-11-18 18:45:06,0,173.63.196.118,100,105,1,2024-11-18 18:45:07,R_7IyYZUJXW5HikmA,,,,,40.8318,-74.121,anonymous,EN,1,1,3,1,,3,,3,4,1,5,5,2,,1,Annoyed,3,,No,2,,,,2,,Unknown,,Unknown,,,
2024-11-12 12:26:18,2024-11-12 12:29:25,0,74.139.162.57,67,187,0,2024-11-19 12:29:26,R_7YKtNizZS9FPJ0n,,,,,,,anonymous,EN,1,1,7,2,,4,,2,3,3,3,3,1,"Methods used to manipulate the consumer decision ",1,"Frustrated ",2,,,,,,,,,Unknown,,,,,
2024-11-20 12:44:16,2024-11-20 12:45:01,1,,100,45,1,2024-11-20 12:45:02,R_3NJUeMCZO7wnuhN,,,,,40.7359,-73.9904,preview,EN,0.8999999761581421,1,2,2,,4,,2,4,3,2,2,1,,1,,2,,,2,,,,2,,,,,,,
2024-11-20 12:45:13,2024-11-20 12:45:51,1,,100,38,1,2024-11-20 12:45:51,R_3UVAlyIn9rqnUCR,,,,,40.7359,-73.9904,preview,EN,0.699999988079071,1,2,2,,1,,3,3,2,3,2,2,,1,,2,,,1,,,,,,,,,,,
2024-11-20 14:51:52,2024-11-20 14:54:42,0,47.206.13.30,100,169,1,2024-11-20 14:54:42,R_8q4alMhfTDxr8eQ,,,,,27.8402,-82.6493,anonymous,EN,1,1,3,2,,3,,2,3,1,1,1,2,,1,,3,,,2,,,,2,,,,,,,
2024-11-20 14:55:56,2024-11-20 14:58:51,0,162.207.180.168,100,175,1,2024-11-20 14:58:59,R_2lTRsGXptbsvicV,,,,,33.4443,-86.7536,anonymous,EN,1,1,3,2,,5,,3,3,0,1,1,2,,1,,2,,,2,,,,2,,,,,,,
2024-11-20 16:54:54,2024-11-20 17:10:19,0,172.56.77.155,100,924,1,2024-11-20 17:10:20,R_1N9TebHf1i7UCNK,,,,,28.4932,-81.2878,anonymous,EN,1,1,8,2,,1,,2,4,4,5,5,1,"Comments or statements that try to steer me into agreeing with what thr stating. ",2,,2,"For example: clothing webdite stating they're affiliated with a name brand clothing. Then when you go to place the order, the website is not from that company. Bate with name brand then switch to unknown website. ","There are a few that I have noticed. They fled social media, trying to get you to purchase their products.",2,,,,2,,,,Unknown,,,
2024-11-20 18:16:53,2024-11-20 18:21:40,0,68.57.172.55,100,286,1,2024-11-20 18:21:41,R_5fKkQH5HVZN1Cbw,,,,,30.5218,-84.2626,anonymous,EN,,1,3,2,,3,,3,4,1,2,3,2,,1,Irritated,2,,"Microsoft. I recently learned that anything you write is being used now to train their AI and it is incredibly difficult to find/very hidden throughout settings to be able to turn it off. Google also deceived almost everyone into thinking incognito mode meant they weren’t tracking what you were doing but they were and now there’s a lawsuit. ",2,,,,2,,Unknown,,Unknown,,,
2024-11-21 00:06:02,2024-11-21 00:09:27,0,79.127.217.231,100,205,1,2024-11-21 00:09:28,R_7lDfYG0CYjl2E8x,,,,,37.1835,-121.7714,anonymous,EN,0.6000000238418579,1,5,2,,3,,3,4,4,3,2,1,,1,Very troublesome,2,,"For example, AT&T, Comcast, Verizon, etc., they collect a large amount of personal information such as users' web browsing data and real-time location data, and sometimes use user data for commercial purposes, such as sharing the data with third-party advertisers, and consumers have little choice about how to use the data.",1,,,,1,,Unknown,,Unknown,,,
2024-11-21 00:02:20,2024-11-21 00:29:33,0,79.127.217.227,100,1632,1,2024-11-21 00:29:33,R_1FWLKcZjpdGeM6v,,,,,37.1835,-121.7714,anonymous,EN,0.4000000059604645,1,3,1,,3,,2,4,5,5,4,1,"The dark mode is changed into dark mode, usually black or dark gray, to reduce the brightness of the screen and provide a more comfortable visual experience.",1,"Very stressful, I'm afraid it won't work.",2,,"Yes, the data collection of some specific online platforms or services is offensive and deceptive. Big data killing, illegal collection of personal information, deceptive",1,"Don't want it, or occupy a certain amount.",,,1,Yes. Reporting or litigation requires the infringer to bear corresponding legal responsibilities. .,Unknown,,Unknown,,,
2024-11-21 00:32:29,2024-11-21 00:35:00,0,79.127.217.232,100,150,1,2024-11-21 00:35:01,R_5PRkXKMEwaPWRcW,,,,,37.1835,-121.7714,anonymous,EN,0,1,5,1,,2,,2,2,2,3,2,2,,2,,2,,,1,,12,,2,,,,,,,
2024-11-21 00:30:15,2024-11-21 00:35:25,0,79.127.231.5,100,310,1,2024-11-21 00:35:26,R_6uQyLS3EcSqIb1b,,,,,32.7797,-96.8022,anonymous,EN,0.699999988079071,1,5,1,,3,,2,4,5,4,4,1,,2,,2,,never heard,1,memory,12,,1,,,,Unknown,,,
2024-11-21 00:33:49,2024-11-21 00:37:05,0,60.190.124.34,100,195,1,2024-11-21 00:37:05,R_5PGPhYbabqIfXR7,,,,,34.7732,113.722,anonymous,EN,1,1,3,1,,2,,2,2,1,1,1,1,"""Dark mode"" usually refers to the use of some misleading, deceptive or psychological weaknesses of users in digital product design or online services to induce users to make decisions or actions that are not their intention.",2,,2,N/A,"In the current online environment, it is difficult to point out that a particular online platform or service is particularly aggressive or deceptive in data collection practice.",,,,,2,,,,Unknown,,,
2024-11-21 01:04:25,2024-11-21 01:08:29,0,104.249.174.48,100,243,1,2024-11-21 01:08:30,R_1Xo0EAc37YomaN5,,,,,47.6144,-122.3447,anonymous,EN,0,1,5,1,,5,,4,5,3,4,1,1,,1,,3,,"'-Some game applications: there are often cases of excessive collection of user data, such as obtaining information unrelated to game functions such as the user's address book and short message records, and when users use it for the first time, if they don't agree with their data collection requirements, they can't use the application normally.",1,,"11,12,14",,1,,,,Unknown,,,
2024-11-21 01:05:41,2024-11-21 01:10:11,0,79.127.217.226,100,270,1,2024-11-21 01:10:12,R_1OpH3ieoyeCdwo6,,,,,37.1835,-121.7714,anonymous,EN,1,1,6,1,,3,,2,2,1,1,1,2,,1,"Every time I create a new account, I feel like my privacy is not protected.",2,,"I feel that people who need real name information are aggressive, because once the real name, all the information will be leaked.",2,,,,2,,Unknown,,Unknown,,,
2024-11-21 01:07:31,2024-11-21 01:13:04,0,38.90.18.81,100,332,1,2024-11-21 01:13:04,R_5mDdBgcQt40NUrq,,,,,34.0544,-118.2441,anonymous,EN,1,1,4,1,,4,,3,5,4,3,1,2,,1,,2,,yes，fishing website,1,replace the hard driver,"13,14,15",,2,,,,Unknown,,,
2024-11-21 01:37:24,2024-11-21 01:40:21,0,79.127.205.167,100,177,1,2024-11-21 01:40:22,R_3nYqZSQ7hiMhEch,,,,,34.0544,-118.2441,anonymous,EN,0.6000000238418579,1,3,1,,5,,1,3,3,3,3,1,,1,,3,,,1,,"11,12,14,15",,1,,,,,,,
2024-11-21 02:11:26,2024-11-21 02:17:18,0,79.127.205.164,100,352,1,2024-11-21 02:17:19,R_3GapEY0QTXB9X0Z,,,,,34.0544,-118.2441,anonymous,EN,0.6000000238418579,1,5,2,,4,,2,5,5,5,5,1,,2,,3,,I have never met anyone like this.,1,,11,,1,,,,Unknown,,,
2024-11-21 02:53:42,2024-11-21 04:01:10,0,79.127.217.233,100,4048,1,2024-11-21 04:01:11,R_5lgkd1hGVKyKDzz,,,,,37.1835,-121.7714,anonymous,EN,0.8999999761581421,1,5,2,,4,,3,4,4,4,4,1,"One refers to the dark display mode of web pages, and the other refers to the interface design that induces and deceives users.",1,build,2,Delete the useless ones.,"not have, business",1,"Useless garbage, make room.",16,"Make room, not master.",1,"There is not much privacy, as long as you don't lose money.",Unknown,,Unknown,,,
2024-11-21 04:03:53,2024-11-21 04:30:40,0,79.127.217.227,100,1606,1,2024-11-21 04:30:40,R_3VqAcpc1SqvgCUy,,,,,37.1835,-121.7714,anonymous,EN,0.800000011920929,1,3,1,,2,,2,4,5,3,4,1,"In the design of User Interface (UI) and User Experience (UX), dark patterns refer to those user interfaces that are carefully designed to be deceptive or manipulative, misleading users to perform certain operations. For example, options such as unsubscribing or deleting an account are deliberately designed to be very inconspicuous and hard for users to find, while options like purchasing goods or subscribing to services are made very prominent to prompt users to consume. Their aim is often to make users complete actions that are beneficial to enterprises and the like against their own true intentions.",1,N/A,2,N/A,N/A,1,N/A,12,,1,N/A,Unknown,,Unknown,,,
2024-11-21 04:35:16,2024-11-21 04:37:10,0,79.127.217.226,100,113,1,2024-11-21 04:37:10,R_6qkiSnojlqn4H4e,,,,,37.1835,-121.7714,anonymous,EN,0.800000011920929,1,5,1,,3,,2,4,3,3,2,1,,1,,2,,Yes,1,,13,,1,,,,Unknown,,,
2024-11-21 05:20:07,2024-11-21 05:25:23,0,79.127.217.232,100,316,1,2024-11-21 05:25:23,R_1M9hm6u7F7UF4oL,,,,,37.1835,-121.7714,anonymous,EN,0.8999999761581421,1,5,2,,3,,2,3,3,2,4,1,"“Dark patterns” can be defined as deceptive user interface design techniques used by websites and applications to manipulate or trick users into doing things they might not otherwise do, such as making unintended purchases or sharing personal information.  They often involve obscuring or hiding important information and using misleading cues or prompts.",1,"Experiencing dark patterns can make me feel frustrated, tricked, and disrespected. It can also erode my trust in the platform or service.",2,"I have encountered dark patterns where I was misled by confusing interfaces or hidden information, which made the user experience frustrating and untrustworthy.","Some platforms that might be considered aggressive or deceptive in data collection practices include Facebook and Google. They often collect extensive data without users being fully aware, and there have been concerns about how this data is used and shared.  Additionally, some apps that offer ""free"" services but in exchange for extensive data collection can also be seen as having aggressive practices.",1,"I was motivated to use a data removal service to protect my privacy and have more control over my personal information. I wanted to ensure that my data was not being used or shared without my consent.  Also, to reduce the potential risks associated with having my data out there.","12,14",,1,"I haven't personally tried to use such laws to enhance my privacy. However, I can imagine that the process might be complex and challenging, but if successful, it could provide a greater sense of security and control over one's personal data.",Unknown,,Unknown,,,
2024-11-21 05:38:16,2024-11-21 05:49:02,0,79.127.231.6,100,645,1,2024-11-21 05:49:02,R_6OCwofAFDg6ekgN,,,,,32.7797,-96.8022,anonymous,EN,0.8999999761581421,1,3,2,,2,,1,4,3,4,4,1,"""Dark Patterns"" refers to the manipulation of user behavior in user interface design through carefully designed, misleading or deceptive interactions to make users do things they might not otherwise do.",1,anger,2,"I tried to delete the account of a short video platform. After entering the account settings, I did not see the obvious ""delete account"" option for a long time, only some general sections such as ""privacy settings"" and ""account security"".   Later, I searched for how to delete the account in the help center and followed the instructions, but I was asked to complete a series of complex authentication steps first, such as entering the mobile phone number and verification code at the time of registration, and answering some secret questions set at the beginning. But I can't remember some of the security issues, and it took a lot of effort to complete the verification.   Then various prompt boxes pop up to tell you what data will be lost after deleting the account, which can not be recovered, and so on, and you have to reconfirm whether you really want to delete it. The whole process is winding and unclear, and it takes a lot of time and energy to finally complete the account deletion operation.","Some social networking platforms and mobile applications may be considered to have problems in data collection. For example, some free mobile phone applications, when installed, will require a large number of permissions unrelated to their core functions, such as a simple flashlight application, but require access to the user's address book, geographical location, camera and other permissions, which may be regarded as more radical data collection.",1,"They may be worried about the leakage of personal information and do not want their online browsing records and account-related data to be used by others; they want to completely disconnect from a platform or service and no longer allow it to retain their own data; Do you feel that the existence of certain data is no longer necessary, and choose to use data deletion services for the sake of cleaning up data, protecting privacy and simplifying digital life.",12,,1,No,Unknown,,Unknown,,,
2024-11-21 06:11:57,2024-11-21 06:13:52,0,79.127.205.168,100,114,1,2024-11-21 06:13:53,R_55JBNqQXJZrcrId,,,,,34.0544,-118.2441,anonymous,EN,0.800000011920929,1,4,2,,3,,2,4,3,4,3,1,,2,,2,,No,1,,12,,2,,,,Unknown,,,
2024-11-21 06:09:06,2024-11-21 06:18:26,0,79.127.217.233,100,560,1,2024-11-21 06:18:27,R_6GmWxJuIFsqbLs5,,,,,37.1835,-121.7714,anonymous,EN,0.6000000238418579,1,3,1,,4,,2,3,3,3,4,1,,1,,2,,Because the user data is reused without consent.,2,,,,2,,,,Unknown,,,
2024-11-21 06:10:34,2024-11-21 06:19:13,0,35.212.235.107,100,519,1,2024-11-21 06:19:13,R_6oG6jo0jcL7k06O,,,,,45.6056,-121.1807,anonymous,EN,0.800000011920929,1,6,1,,3,,2,5,5,5,5,1,"""Dark mode"" usually refers to intentionally deceiving, misleading or manipulating users in digital products or services by means of design, user interface or interactive flow, making them make decisions and behaviors that are not completely independent or not in their best interests.",1,very good,2,,"1. The data collection practices of some free online loan platforms may be aggressive and deceptive. For example, when users register, they will ask to collect a lot of personal sensitive information, including but not limited to ID number, bank card information, home address, etc. However, it does not fully and clearly inform users of the specific uses and possible risks of this information. 2. Some social software also has problems in data collection. They may collect users' chat records, location information and so on without their knowledge. And use these data for accurate advertising push, which is often difficult for users to detect. 3. Some free game applications are also worthy of attention. They may collect user's game behavior data, and even sell these data to a third party without the user's knowledge.",1,,,,1,,Unknown,,Unknown,,,
2024-11-21 08:31:54,2024-11-21 08:43:47,0,104.249.174.48,100,712,1,2024-11-21 08:43:47,R_5gbCAd6GpvcOFpe,,,,,47.6144,-122.3447,anonymous,EN,0.20000000298023224,1,3,2,,3,,1,4,5,4,1,1,Bad practice of using design means to damage the rights and interests of users and seek commercial interests,1,A little irritable.,3,,I think there is.,1,,"13,14",,1,Yes.I can protect my privacy very well.,Unknown,,Unknown,,,
2024-11-21 08:46:50,2024-11-21 08:53:43,0,79.127.217.229,100,412,1,2024-11-21 08:53:43,R_3cYqpqCJDQCx6iM,,,,,37.1835,-121.7714,anonymous,EN,,1,4,2,,3,,1,5,5,4,5,1,,,,2,,,1,,13,,1,,,,,,,
2024-11-21 10:13:41,2024-11-21 10:16:10,0,49.43.201.219,100,149,1,2024-11-21 10:16:11,R_4Ey5JuxpiPNizkn,,,,,17.3724,78.4378,anonymous,EN,0.10000000149011612,1,2,1,,4,,2,3,3,3,4,2,,1,,2,,,2,,,,2,,,,,,,
2024-11-21 12:08:59,2024-11-21 12:20:59,0,79.127.217.233,100,720,1,2024-11-21 12:21:00,R_7VEWXzJgyojpdxK,,,,,37.1835,-121.7714,anonymous,EN,0.6000000238418579,1,5,1,,3,,2,5,5,5,5,1,"It usually uses black or dark colors as the main background color, while elements such as text and icons are presented in relatively light colors, in contrast to the ""Light Mode"".",1,"Such scenes are often beautiful and poetic, and they can easily make people feel warm and romantic.",2,,,1,,"11,12,13,14,15",,1,,Unknown,,,,,
2024-11-21 17:02:47,2024-11-21 17:06:39,0,79.127.217.226,100,232,1,2024-11-21 17:06:40,R_3nvlgYiPeN6VYm0,,,,,37.1835,-121.7714,anonymous,EN,0.800000011920929,1,5,2,,3,,1,4,5,5,4,1,,1,,2,,,1,,14,,1,,,,,,,
2024-11-21 17:25:20,2024-11-21 17:26:39,0,79.127.217.233,100,78,1,2024-11-21 17:26:39,R_6VEWtPYrvfRCqKz,,,,,37.1835,-121.7714,anonymous,EN,0.800000011920929,1,4,2,,3,,2,5,5,4,4,1,,1,,3,,,1,,"12,13",,1,,,,,,,
2024-11-21 18:38:08,2024-11-21 19:01:19,0,79.127.217.232,100,1390,1,2024-11-21 19:01:19,R_1oBgJ4BiMfMUOTn,,,,,37.1835,-121.7714,anonymous,EN,0.5,1,3,2,,3,,2,3,3,1,2,1,"Dark mode ""is a deceptive user interface design approach intentionally adopted in website or application design.",2,,2,,"Google's G Suite for Education is accused of collecting a large amount of personal data from students, including facial information, voice information, physical location, browsing history, etc., without the full consent of their parents, by pre installing it on school issued Chromebook laptops",1,Protect my personal privacy,12,,1,,,,Unknown,,,
2024-11-21 20:54:57,2024-11-21 21:06:39,0,104.249.174.48,100,702,1,2024-11-21 21:06:40,R_7o1NqrGo6Gb6fPr,,,,,47.6144,-122.3447,anonymous,EN,0.30000001192092896,1,4,1,,3,,1,4,5,3,4,1,"It is with a dark background, providing better visual effects in the state of not turning on the lights at night, and reducing the stimulation of the screen to the eyes.",1,"When trying to browse important information on many paid websites, it pops up that you need to log in with your account and password to view the full text. In fact, these information may not necessarily be viewed only on paid websites, but it just takes a lot of additional time cost to find them.",2,"When you want to delete your account or switch to log in with another account, you find that you don't know where to find the operation interface.","Yes, for some websites, after logging in and browsing once or twice, when you want to delete the data, there will be many requests for evaluations and many surveys, and you can't delete it without filling them completely.",1,"It is found that the answer I searched does not meet my expectations, and the answers on different web versions for the same question are almost the same, without much substantive reference value.",13,,1,No,Unknown,,Unknown,,,
2024-11-21 22:33:31,2024-11-21 22:37:53,0,79.127.205.168,100,261,1,2024-11-21 22:37:54,R_348FX9M8tMozU3v,,,,,34.0544,-118.2441,anonymous,EN,0.4000000059604645,1,3,1,,2,,1,3,1,1,3,1,,1,,3,,,2,,,,1,,,,,,,
2024-11-21 22:27:21,2024-11-21 22:46:08,0,79.127.205.166,100,1126,1,2024-11-21 22:46:08,R_3QRm3zvQk5JFoIT,,,,,34.0544,-118.2441,anonymous,EN,1,1,6,2,,3,,2,4,5,4,4,1,"It refers to user interface elements or interactions that are intentionally designed to be misleading or deceptive by some websites, applications, etc., in order to get users to behave in a way that is not their original true intention.",1,feel agitated,3,,No,2,,,,1,No,Unknown,,Unknown,,,
2024-11-22 00:12:45,2024-11-22 00:17:21,0,79.127.217.232,100,276,1,2024-11-22 00:17:22,R_51QqRCWZo4L32kk,,,,,37.1835,-121.7714,anonymous,EN,0.699999988079071,1,4,1,,4,,2,4,3,3,4,1,A solution to self perception,1,"Very relaxed, very relaxed",2,,Lack of a specific pattern,1,,"12,13",,1,"Limited protection of privacy, good and reasonable innovation",Unknown,,Unknown,,,
2024-11-22 01:03:52,2024-11-22 01:18:22,0,79.127.205.163,100,870,1,2024-11-22 01:18:23,R_5pomPA12Sjr66bL,,,,,34.0544,-118.2441,anonymous,EN,0.10000000149011612,1,4,2,,2,,3,3,3,1,2,2,,1,"It may feel a bit troublesome as one has to fill in a lot of personal information, set up a complicated password and remember it,",2,"I don't want to use some of my accounts anymore, I'm not sure how to delete your information","Yes, some data may just be advertising and not real",1,I don't want to use this account anymore.,13,,2,,Unknown,,Unknown,,,
2024-11-22 11:26:52,2024-11-22 11:27:54,0,104.249.174.48,100,61,1,2024-11-22 11:27:55,R_7MDlS53WHBOXYG6,,,,,47.6144,-122.3447,anonymous,EN,0.10000000149011612,1,4,1,,3,,2,4,4,4,3,1,,1,,2,,,1,,"11,13",,1,,,,,,,
2024-11-22 20:16:39,2024-11-22 20:21:00,0,104.249.174.48,100,260,1,2024-11-22 20:21:00,R_6EHnBl9OPT3WE6d,,,,,47.6144,-122.3447,anonymous,EN,0,1,5,2,,2,,3,4,1,1,2,1,,1,,2,,"Some platforms may be regarded as being aggressive in terms of data collection.   Take social media platforms as an example. Some of them may over-collect users' data. On the one hand, some platforms will collect a large amount of information without the full knowledge of users. For instance, during the process of users agreeing to the privacy policy, they use complicated and lengthy terms, making it difficult for people to truly understand the scope of what they are agreeing to. This involves a certain degree of deception.",1,,13,,2,,,,Unknown,,,
2024-11-22 21:51:01,2024-11-22 21:53:16,0,79.127.217.230,100,134,1,2024-11-22 21:53:17,R_3mLegWZ5fg8GFqN,,,,,37.1835,-121.7714,anonymous,EN,1,1,2,2,,2,,2,4,3,2,2,2,,2,,2,,,1,,12,,1,,,,,,,
2024-11-23 01:18:22,2024-11-23 01:21:00,0,104.249.174.48,100,157,1,2024-11-23 01:21:00,R_1LQeBNRcQJVaZFf,,,,,47.6144,-122.3447,anonymous,EN,0.30000001192092896,1,4,1,,3,,4,5,4,4,4,1,,1,,2,,,1,,"11,12,13,14",,1,,,,,,,
2024-11-23 10:41:56,2024-11-23 10:53:58,0,74.131.71.165,100,721,1,2024-11-23 10:53:58,R_50gtzfGU4u2O6M9,,,,,38.3015,-85.7469,anonymous,EN,0.8999999761581421,1,3,1,,3,,1,5,1,2,1,2,,1,,2,,,2,,,,1,,,,,,,
2024-11-23 21:47:19,2024-11-23 21:51:33,0,79.127.205.163,100,253,1,2024-11-23 21:51:33,R_5dzra35ePWXl3q5,,,,,34.0544,-118.2441,anonymous,EN,0,1,3,2,,2,,2,3,2,2,2,2,,1,I feel nothing.,2,psychological diathesis,not have,1,Do not want to continue,"11,13",,1,very good,Unknown,,Unknown,,,
2024-11-24 05:07:56,2024-11-24 05:12:58,0,79.127.217.228,100,302,1,2024-11-24 05:12:59,R_6mG4tOyeb0mZFvP,,,,,37.1835,-121.7714,anonymous,EN,0.699999988079071,1,4,2,,1,,1,5,5,4,5,1,,2,,2,,,1,,12,,1,,,,,,,
2024-11-20 14:35:35,2024-11-20 14:35:38,0,172.56.163.211,10,2,0,2024-11-27 14:35:43,R_1rAptYwMIY6aHXl,,,,,,,anonymous,EN,1,1,,,,,,,,,,,,,,,,,,,,,,,,,,,,,
2024-11-20 14:41:11,2024-11-20 14:41:18,0,83.135.2.146,10,6,0,2024-11-27 14:41:24,R_8O2n2xCkS6sy4lK,,,,,,,anonymous,EN,0.800000011920929,1,,,,,,,,,,,,,,,,,,,,,,,,,,,,,
2024-11-20 18:01:56,2024-11-20 18:02:14,0,157.230.149.218,10,17,0,2024-11-27 18:02:15,R_7BgPeWSFg1zMib4,,,,,,,anonymous,EN,1,1,,,,,,,,,,,,,,,,,,,,,,,,,,,,,
2024-11-20 18:18:01,2024-11-20 18:18:17,0,172.56.76.198,29,15,0,2024-11-27 18:18:18,R_7OYux8PrGU4STO9,,,,,,,anonymous,EN,0.5,1,3,2,,3,,,,,,,,,,,,,,,,,,,,,,,,,
2024-11-20 18:25:12,2024-11-20 18:26:07,0,35.145.21.7,95,55,0,2024-11-27 18:26:08,R_7WARfQVEj3ybq9T,,,,,,,anonymous,EN,1,1,3,2,,3,,3,4,1,3,3,2,,1,,2,,,2,,,,1,,,,,,,
2024-11-21 00:32:59,2024-11-21 00:33:11,0,79.127.217.229,10,11,0,2024-11-28 00:33:12,R_3o4GZpmOfji6Cl8,,,,,,,anonymous,EN,0.5,1,,,,,,,,,,,,,,,,,,,,,,,,,,,,,
2024-11-21 04:40:26,2024-11-21 04:40:41,0,79.127.217.227,29,15,0,2024-11-28 04:40:47,R_5rSPA6LF7lKCF7u,,,,,,,anonymous,EN,0.800000011920929,1,5,1,,3,,,,,,,,,,,,,,,,,,,,,,,,,
2024-11-21 06:43:55,2024-11-21 06:46:51,0,79.127.217.231,38,175,0,2024-11-28 06:46:58,R_6xP2Umx03aJW3ct,,,,,,,anonymous,EN,0.8999999761581421,1,3,2,,3,,1,3,,,,,,,,,,,,,,,,,,,,,,
2024-11-21 07:17:22,2024-11-21 07:17:56,0,79.127.231.2,29,33,0,2024-11-28 07:17:59,R_3pAHEMyLPudITjk,,,,,,,anonymous,EN,1,1,4,1,,3,,,,,,,,,,,,,,,,,,,,,,,,,
